;Actual Value;Prediction;countryName;regionName;year
0;1;5;Afghanistan;Eastern Mediterranean;2000
1;1;1;Afghanistan;Eastern Mediterranean;2004
2;1;1;Afghanistan;Eastern Mediterranean;2005
3;1;2;Afghanistan;Eastern Mediterranean;2006
4;1;2;Afghanistan;Eastern Mediterranean;2007
5;1;4;Afghanistan;Eastern Mediterranean;2008
6;1;5;Afghanistan;Eastern Mediterranean;2009
7;1;1;Afghanistan;Eastern Mediterranean;2010
8;1;1;Afghanistan;Eastern Mediterranean;2011
9;1;2;Afghanistan;Eastern Mediterranean;2012
10;1;5;Afghanistan;Eastern Mediterranean;2013
11;1;2;Afghanistan;Eastern Mediterranean;2014
12;1;3;Afghanistan;Eastern Mediterranean;2015
13;1;4;Afghanistan;Eastern Mediterranean;2016
14;1;1;Afghanistan;Eastern Mediterranean;2017
15;1;1;Afghanistan;Eastern Mediterranean;2018
16;2;1;Afghanistan;Eastern Mediterranean;2019
17;1;2;Afghanistan;Eastern Mediterranean;2001
18;1;1;Afghanistan;Eastern Mediterranean;2002
19;1;2;Afghanistan;Eastern Mediterranean;2003
20;1;2;Bahrain;Eastern Mediterranean;2000
21;1;2;Bahrain;Eastern Mediterranean;2004
22;1;2;Bahrain;Eastern Mediterranean;2005
23;1;4;Bahrain;Eastern Mediterranean;2006
24;1;2;Bahrain;Eastern Mediterranean;2007
25;1;4;Bahrain;Eastern Mediterranean;2008
26;1;4;Bahrain;Eastern Mediterranean;2009
27;1;5;Bahrain;Eastern Mediterranean;2010
28;1;2;Bahrain;Eastern Mediterranean;2011
29;1;4;Bahrain;Eastern Mediterranean;2012
30;1;5;Bahrain;Eastern Mediterranean;2013
31;1;2;Bahrain;Eastern Mediterranean;2014
32;1;1;Bahrain;Eastern Mediterranean;2015
33;1;1;Bahrain;Eastern Mediterranean;2016
34;1;5;Bahrain;Eastern Mediterranean;2017
35;1;2;Bahrain;Eastern Mediterranean;2018
36;1;2;Bahrain;Eastern Mediterranean;2019
37;1;5;Bahrain;Eastern Mediterranean;2001
38;1;1;Bahrain;Eastern Mediterranean;2002
39;1;4;Bahrain;Eastern Mediterranean;2003
40;1;1;Djibouti;Eastern Mediterranean;2000
41;1;2;Djibouti;Eastern Mediterranean;2004
42;1;2;Djibouti;Eastern Mediterranean;2005
43;4;4;Djibouti;Eastern Mediterranean;2006
44;5;1;Djibouti;Eastern Mediterranean;2007
45;1;5;Djibouti;Eastern Mediterranean;2008
46;1;1;Djibouti;Eastern Mediterranean;2009
47;1;4;Djibouti;Eastern Mediterranean;2010
48;1;2;Djibouti;Eastern Mediterranean;2011
49;1;3;Djibouti;Eastern Mediterranean;2012
50;1;3;Djibouti;Eastern Mediterranean;2013
51;1;4;Djibouti;Eastern Mediterranean;2014
52;1;4;Djibouti;Eastern Mediterranean;2015
53;1;2;Djibouti;Eastern Mediterranean;2016
54;1;2;Djibouti;Eastern Mediterranean;2017
55;1;1;Djibouti;Eastern Mediterranean;2018
56;1;2;Djibouti;Eastern Mediterranean;2019
57;1;1;Djibouti;Eastern Mediterranean;2001
58;1;5;Djibouti;Eastern Mediterranean;2002
59;1;1;Djibouti;Eastern Mediterranean;2003
60;4;1;Egypt;Eastern Mediterranean;2000
61;1;1;Egypt;Eastern Mediterranean;2004
62;1;5;Egypt;Eastern Mediterranean;2005
63;1;2;Egypt;Eastern Mediterranean;2006
64;1;1;Egypt;Eastern Mediterranean;2007
65;1;4;Egypt;Eastern Mediterranean;2008
66;1;2;Egypt;Eastern Mediterranean;2009
67;1;2;Egypt;Eastern Mediterranean;2010
68;1;2;Egypt;Eastern Mediterranean;2011
69;1;2;Egypt;Eastern Mediterranean;2012
70;1;4;Egypt;Eastern Mediterranean;2013
71;1;1;Egypt;Eastern Mediterranean;2014
72;1;5;Egypt;Eastern Mediterranean;2015
73;2;5;Egypt;Eastern Mediterranean;2016
74;1;5;Egypt;Eastern Mediterranean;2017
75;2;2;Egypt;Eastern Mediterranean;2018
76;1;1;Egypt;Eastern Mediterranean;2019
77;1;4;Egypt;Eastern Mediterranean;2001
78;1;2;Egypt;Eastern Mediterranean;2002
79;1;5;Egypt;Eastern Mediterranean;2003
80;1;2;Iran (Islamic Republic of);Eastern Mediterranean;2000
81;1;2;Iran (Islamic Republic of);Eastern Mediterranean;2004
82;1;2;Iran (Islamic Republic of);Eastern Mediterranean;2005
83;1;2;Iran (Islamic Republic of);Eastern Mediterranean;2006
84;1;2;Iran (Islamic Republic of);Eastern Mediterranean;2007
85;1;1;Iran (Islamic Republic of);Eastern Mediterranean;2008
86;1;5;Iran (Islamic Republic of);Eastern Mediterranean;2009
87;1;2;Iran (Islamic Republic of);Eastern Mediterranean;2010
88;1;2;Iran (Islamic Republic of);Eastern Mediterranean;2011
89;1;5;Iran (Islamic Republic of);Eastern Mediterranean;2012
90;1;2;Iran (Islamic Republic of);Eastern Mediterranean;2013
91;1;2;Iran (Islamic Republic of);Eastern Mediterranean;2014
92;1;1;Iran (Islamic Republic of);Eastern Mediterranean;2015
93;1;4;Iran (Islamic Republic of);Eastern Mediterranean;2016
94;1;2;Iran (Islamic Republic of);Eastern Mediterranean;2017
95;1;2;Iran (Islamic Republic of);Eastern Mediterranean;2018
96;1;1;Iran (Islamic Republic of);Eastern Mediterranean;2019
97;1;4;Iran (Islamic Republic of);Eastern Mediterranean;2001
98;1;1;Iran (Islamic Republic of);Eastern Mediterranean;2002
99;1;1;Iran (Islamic Republic of);Eastern Mediterranean;2003
100;1;4;Iraq;Eastern Mediterranean;2000
101;1;2;Iraq;Eastern Mediterranean;2004
102;1;1;Iraq;Eastern Mediterranean;2005
103;1;1;Iraq;Eastern Mediterranean;2006
104;1;4;Iraq;Eastern Mediterranean;2007
105;1;4;Iraq;Eastern Mediterranean;2008
106;1;1;Iraq;Eastern Mediterranean;2009
107;1;1;Iraq;Eastern Mediterranean;2010
108;1;3;Iraq;Eastern Mediterranean;2011
109;1;2;Iraq;Eastern Mediterranean;2012
110;1;5;Iraq;Eastern Mediterranean;2013
111;3;1;Iraq;Eastern Mediterranean;2014
112;1;2;Iraq;Eastern Mediterranean;2015
113;1;3;Iraq;Eastern Mediterranean;2016
114;1;2;Iraq;Eastern Mediterranean;2017
115;1;1;Iraq;Eastern Mediterranean;2018
116;1;2;Iraq;Eastern Mediterranean;2019
117;1;1;Iraq;Eastern Mediterranean;2001
118;1;2;Iraq;Eastern Mediterranean;2002
119;1;2;Iraq;Eastern Mediterranean;2003
120;1;5;Jordan;Eastern Mediterranean;2000
121;1;3;Jordan;Eastern Mediterranean;2004
122;1;3;Jordan;Eastern Mediterranean;2005
123;1;2;Jordan;Eastern Mediterranean;2006
124;1;1;Jordan;Eastern Mediterranean;2007
125;1;5;Jordan;Eastern Mediterranean;2008
126;1;1;Jordan;Eastern Mediterranean;2009
127;1;1;Jordan;Eastern Mediterranean;2010
128;1;4;Jordan;Eastern Mediterranean;2011
129;1;2;Jordan;Eastern Mediterranean;2012
130;2;4;Jordan;Eastern Mediterranean;2013
131;1;2;Jordan;Eastern Mediterranean;2014
132;1;1;Jordan;Eastern Mediterranean;2015
133;1;2;Jordan;Eastern Mediterranean;2016
134;1;1;Jordan;Eastern Mediterranean;2017
135;4;4;Jordan;Eastern Mediterranean;2018
136;1;4;Jordan;Eastern Mediterranean;2019
137;1;3;Jordan;Eastern Mediterranean;2001
138;1;2;Jordan;Eastern Mediterranean;2002
139;1;5;Jordan;Eastern Mediterranean;2003
140;1;5;Kuwait;Eastern Mediterranean;2000
141;1;3;Kuwait;Eastern Mediterranean;2004
142;1;1;Kuwait;Eastern Mediterranean;2005
143;1;2;Kuwait;Eastern Mediterranean;2006
144;3;4;Kuwait;Eastern Mediterranean;2007
145;1;4;Kuwait;Eastern Mediterranean;2008
146;1;1;Kuwait;Eastern Mediterranean;2009
147;1;2;Kuwait;Eastern Mediterranean;2010
148;1;5;Kuwait;Eastern Mediterranean;2011
149;1;2;Kuwait;Eastern Mediterranean;2012
150;1;1;Kuwait;Eastern Mediterranean;2013
151;1;4;Kuwait;Eastern Mediterranean;2014
152;1;1;Kuwait;Eastern Mediterranean;2015
153;1;2;Kuwait;Eastern Mediterranean;2016
154;1;1;Kuwait;Eastern Mediterranean;2017
155;1;1;Kuwait;Eastern Mediterranean;2018
156;1;2;Kuwait;Eastern Mediterranean;2019
157;1;1;Kuwait;Eastern Mediterranean;2001
158;2;5;Kuwait;Eastern Mediterranean;2002
159;1;4;Kuwait;Eastern Mediterranean;2003
160;3;1;Lebanon;Eastern Mediterranean;2000
161;1;1;Lebanon;Eastern Mediterranean;2004
162;1;2;Lebanon;Eastern Mediterranean;2005
163;1;4;Lebanon;Eastern Mediterranean;2006
164;1;1;Lebanon;Eastern Mediterranean;2007
165;1;1;Lebanon;Eastern Mediterranean;2008
166;1;2;Lebanon;Eastern Mediterranean;2009
167;2;2;Lebanon;Eastern Mediterranean;2010
168;1;3;Lebanon;Eastern Mediterranean;2011
169;1;4;Lebanon;Eastern Mediterranean;2012
170;1;2;Lebanon;Eastern Mediterranean;2013
171;1;1;Lebanon;Eastern Mediterranean;2014
172;1;1;Lebanon;Eastern Mediterranean;2015
173;1;2;Lebanon;Eastern Mediterranean;2016
174;1;2;Lebanon;Eastern Mediterranean;2017
175;1;5;Lebanon;Eastern Mediterranean;2018
176;1;1;Lebanon;Eastern Mediterranean;2019
177;3;1;Lebanon;Eastern Mediterranean;2001
178;5;1;Lebanon;Eastern Mediterranean;2002
179;1;4;Lebanon;Eastern Mediterranean;2003
180;1;2;Libya;Eastern Mediterranean;2000
181;1;2;Libya;Eastern Mediterranean;2004
182;5;1;Libya;Eastern Mediterranean;2005
183;1;4;Libya;Eastern Mediterranean;2006
184;1;2;Libya;Eastern Mediterranean;2007
185;1;2;Libya;Eastern Mediterranean;2008
186;1;2;Libya;Eastern Mediterranean;2009
187;1;1;Libya;Eastern Mediterranean;2010
188;3;1;Libya;Eastern Mediterranean;2011
189;1;2;Libya;Eastern Mediterranean;2012
190;1;4;Libya;Eastern Mediterranean;2013
191;1;1;Libya;Eastern Mediterranean;2014
192;1;1;Libya;Eastern Mediterranean;2015
193;4;1;Libya;Eastern Mediterranean;2016
194;1;1;Libya;Eastern Mediterranean;2017
195;5;1;Libya;Eastern Mediterranean;2018
196;5;3;Libya;Eastern Mediterranean;2019
197;4;1;Libya;Eastern Mediterranean;2001
198;1;3;Libya;Eastern Mediterranean;2002
199;1;2;Libya;Eastern Mediterranean;2003
200;1;2;Morocco;Eastern Mediterranean;2000
201;1;2;Morocco;Eastern Mediterranean;2004
202;1;1;Morocco;Eastern Mediterranean;2005
203;1;2;Morocco;Eastern Mediterranean;2006
204;1;5;Morocco;Eastern Mediterranean;2007
205;1;2;Morocco;Eastern Mediterranean;2008
206;3;1;Morocco;Eastern Mediterranean;2009
207;1;2;Morocco;Eastern Mediterranean;2010
208;1;4;Morocco;Eastern Mediterranean;2011
209;1;2;Morocco;Eastern Mediterranean;2012
210;1;4;Morocco;Eastern Mediterranean;2013
211;1;1;Morocco;Eastern Mediterranean;2014
212;1;2;Morocco;Eastern Mediterranean;2015
213;1;1;Morocco;Eastern Mediterranean;2016
214;1;4;Morocco;Eastern Mediterranean;2017
215;1;5;Morocco;Eastern Mediterranean;2018
216;5;3;Morocco;Eastern Mediterranean;2019
217;1;1;Morocco;Eastern Mediterranean;2001
218;1;2;Morocco;Eastern Mediterranean;2002
219;1;4;Morocco;Eastern Mediterranean;2003
220;1;4;Oman;Eastern Mediterranean;2000
221;1;1;Oman;Eastern Mediterranean;2004
222;1;2;Oman;Eastern Mediterranean;2005
223;1;1;Oman;Eastern Mediterranean;2006
224;1;2;Oman;Eastern Mediterranean;2007
225;5;1;Oman;Eastern Mediterranean;2008
226;1;2;Oman;Eastern Mediterranean;2009
227;1;1;Oman;Eastern Mediterranean;2010
228;1;4;Oman;Eastern Mediterranean;2011
229;1;1;Oman;Eastern Mediterranean;2012
230;1;5;Oman;Eastern Mediterranean;2013
231;1;2;Oman;Eastern Mediterranean;2014
232;1;1;Oman;Eastern Mediterranean;2015
233;1;1;Oman;Eastern Mediterranean;2016
234;1;2;Oman;Eastern Mediterranean;2017
235;1;3;Oman;Eastern Mediterranean;2018
236;1;1;Oman;Eastern Mediterranean;2019
237;1;1;Oman;Eastern Mediterranean;2001
238;1;1;Oman;Eastern Mediterranean;2002
239;1;3;Oman;Eastern Mediterranean;2003
240;1;3;Pakistan;Eastern Mediterranean;2000
241;1;1;Pakistan;Eastern Mediterranean;2004
242;5;1;Pakistan;Eastern Mediterranean;2005
243;1;2;Pakistan;Eastern Mediterranean;2006
244;1;4;Pakistan;Eastern Mediterranean;2007
245;1;5;Pakistan;Eastern Mediterranean;2008
246;1;1;Pakistan;Eastern Mediterranean;2009
247;1;2;Pakistan;Eastern Mediterranean;2010
248;3;4;Pakistan;Eastern Mediterranean;2011
249;1;2;Pakistan;Eastern Mediterranean;2012
250;1;3;Pakistan;Eastern Mediterranean;2013
251;1;3;Pakistan;Eastern Mediterranean;2014
252;1;5;Pakistan;Eastern Mediterranean;2015
253;1;4;Pakistan;Eastern Mediterranean;2016
254;1;1;Pakistan;Eastern Mediterranean;2017
255;1;2;Pakistan;Eastern Mediterranean;2018
256;1;1;Pakistan;Eastern Mediterranean;2019
257;1;4;Pakistan;Eastern Mediterranean;2001
258;1;4;Pakistan;Eastern Mediterranean;2002
259;1;1;Pakistan;Eastern Mediterranean;2003
260;1;4;Qatar;Eastern Mediterranean;2000
261;1;1;Qatar;Eastern Mediterranean;2004
262;1;3;Qatar;Eastern Mediterranean;2005
263;1;2;Qatar;Eastern Mediterranean;2006
264;3;4;Qatar;Eastern Mediterranean;2007
265;1;2;Qatar;Eastern Mediterranean;2008
266;1;4;Qatar;Eastern Mediterranean;2009
267;1;4;Qatar;Eastern Mediterranean;2010
268;1;2;Qatar;Eastern Mediterranean;2011
269;1;3;Qatar;Eastern Mediterranean;2012
270;1;1;Qatar;Eastern Mediterranean;2013
271;1;2;Qatar;Eastern Mediterranean;2014
272;1;1;Qatar;Eastern Mediterranean;2015
273;3;4;Qatar;Eastern Mediterranean;2016
274;1;4;Qatar;Eastern Mediterranean;2017
275;1;5;Qatar;Eastern Mediterranean;2018
276;1;2;Qatar;Eastern Mediterranean;2019
277;1;1;Qatar;Eastern Mediterranean;2001
278;2;1;Qatar;Eastern Mediterranean;2002
279;1;4;Qatar;Eastern Mediterranean;2003
280;1;4;Saudi Arabia;Eastern Mediterranean;2000
281;1;1;Saudi Arabia;Eastern Mediterranean;2004
282;1;4;Saudi Arabia;Eastern Mediterranean;2005
283;1;2;Saudi Arabia;Eastern Mediterranean;2006
284;4;4;Saudi Arabia;Eastern Mediterranean;2007
285;1;1;Saudi Arabia;Eastern Mediterranean;2008
286;1;2;Saudi Arabia;Eastern Mediterranean;2009
287;1;5;Saudi Arabia;Eastern Mediterranean;2010
288;1;1;Saudi Arabia;Eastern Mediterranean;2011
289;1;2;Saudi Arabia;Eastern Mediterranean;2012
290;1;1;Saudi Arabia;Eastern Mediterranean;2013
291;1;5;Saudi Arabia;Eastern Mediterranean;2014
292;1;5;Saudi Arabia;Eastern Mediterranean;2015
293;1;1;Saudi Arabia;Eastern Mediterranean;2016
294;1;1;Saudi Arabia;Eastern Mediterranean;2017
295;1;4;Saudi Arabia;Eastern Mediterranean;2018
296;1;3;Saudi Arabia;Eastern Mediterranean;2019
297;1;5;Saudi Arabia;Eastern Mediterranean;2001
298;1;5;Saudi Arabia;Eastern Mediterranean;2002
299;5;2;Saudi Arabia;Eastern Mediterranean;2003
300;1;1;Somalia;Eastern Mediterranean;2000
301;1;1;Somalia;Eastern Mediterranean;2004
302;1;4;Somalia;Eastern Mediterranean;2005
303;5;2;Somalia;Eastern Mediterranean;2006
304;1;4;Somalia;Eastern Mediterranean;2007
305;1;2;Somalia;Eastern Mediterranean;2008
306;1;5;Somalia;Eastern Mediterranean;2009
307;1;2;Somalia;Eastern Mediterranean;2010
308;1;2;Somalia;Eastern Mediterranean;2011
309;1;2;Somalia;Eastern Mediterranean;2012
310;1;2;Somalia;Eastern Mediterranean;2013
311;1;1;Somalia;Eastern Mediterranean;2014
312;1;1;Somalia;Eastern Mediterranean;2015
313;1;5;Somalia;Eastern Mediterranean;2016
314;1;5;Somalia;Eastern Mediterranean;2017
315;3;4;Somalia;Eastern Mediterranean;2018
316;1;5;Somalia;Eastern Mediterranean;2019
317;1;1;Somalia;Eastern Mediterranean;2001
318;1;2;Somalia;Eastern Mediterranean;2002
319;1;1;Somalia;Eastern Mediterranean;2003
320;1;1;Sudan;Eastern Mediterranean;2000
321;1;1;Sudan;Eastern Mediterranean;2004
322;1;5;Sudan;Eastern Mediterranean;2005
323;1;3;Sudan;Eastern Mediterranean;2006
324;1;4;Sudan;Eastern Mediterranean;2007
325;1;1;Sudan;Eastern Mediterranean;2008
326;1;2;Sudan;Eastern Mediterranean;2009
327;1;5;Sudan;Eastern Mediterranean;2010
328;1;2;Sudan;Eastern Mediterranean;2011
329;1;1;Sudan;Eastern Mediterranean;2012
330;1;5;Sudan;Eastern Mediterranean;2013
331;5;1;Sudan;Eastern Mediterranean;2014
332;1;2;Sudan;Eastern Mediterranean;2015
333;2;2;Sudan;Eastern Mediterranean;2016
334;1;1;Sudan;Eastern Mediterranean;2017
335;1;3;Sudan;Eastern Mediterranean;2018
336;1;2;Sudan;Eastern Mediterranean;2019
337;1;5;Sudan;Eastern Mediterranean;2001
338;1;2;Sudan;Eastern Mediterranean;2002
339;1;4;Sudan;Eastern Mediterranean;2003
340;1;2;Syrian Arab Republic;Eastern Mediterranean;2000
341;1;4;Syrian Arab Republic;Eastern Mediterranean;2004
342;1;2;Syrian Arab Republic;Eastern Mediterranean;2005
343;2;2;Syrian Arab Republic;Eastern Mediterranean;2006
344;1;4;Syrian Arab Republic;Eastern Mediterranean;2007
345;1;1;Syrian Arab Republic;Eastern Mediterranean;2008
346;1;2;Syrian Arab Republic;Eastern Mediterranean;2009
347;1;2;Syrian Arab Republic;Eastern Mediterranean;2010
348;1;2;Syrian Arab Republic;Eastern Mediterranean;2011
349;5;3;Syrian Arab Republic;Eastern Mediterranean;2012
350;1;5;Syrian Arab Republic;Eastern Mediterranean;2013
351;1;3;Syrian Arab Republic;Eastern Mediterranean;2014
352;1;1;Syrian Arab Republic;Eastern Mediterranean;2015
353;1;2;Syrian Arab Republic;Eastern Mediterranean;2016
354;1;2;Syrian Arab Republic;Eastern Mediterranean;2017
355;1;1;Syrian Arab Republic;Eastern Mediterranean;2018
356;1;1;Syrian Arab Republic;Eastern Mediterranean;2019
357;1;2;Syrian Arab Republic;Eastern Mediterranean;2001
358;2;4;Syrian Arab Republic;Eastern Mediterranean;2002
359;2;4;Syrian Arab Republic;Eastern Mediterranean;2003
360;1;1;Tunisia;Eastern Mediterranean;2000
361;1;2;Tunisia;Eastern Mediterranean;2004
362;1;2;Tunisia;Eastern Mediterranean;2005
363;1;5;Tunisia;Eastern Mediterranean;2006
364;1;5;Tunisia;Eastern Mediterranean;2007
365;1;1;Tunisia;Eastern Mediterranean;2008
366;1;1;Tunisia;Eastern Mediterranean;2009
367;1;5;Tunisia;Eastern Mediterranean;2010
368;1;4;Tunisia;Eastern Mediterranean;2011
369;1;2;Tunisia;Eastern Mediterranean;2012
370;1;2;Tunisia;Eastern Mediterranean;2013
371;1;2;Tunisia;Eastern Mediterranean;2014
372;1;3;Tunisia;Eastern Mediterranean;2015
373;1;1;Tunisia;Eastern Mediterranean;2016
374;1;2;Tunisia;Eastern Mediterranean;2017
375;1;2;Tunisia;Eastern Mediterranean;2018
376;1;1;Tunisia;Eastern Mediterranean;2019
377;1;5;Tunisia;Eastern Mediterranean;2001
378;1;1;Tunisia;Eastern Mediterranean;2002
379;1;3;Tunisia;Eastern Mediterranean;2003
380;1;4;United Arab Emirates;Eastern Mediterranean;2000
381;1;1;United Arab Emirates;Eastern Mediterranean;2004
382;1;1;United Arab Emirates;Eastern Mediterranean;2005
383;1;3;United Arab Emirates;Eastern Mediterranean;2006
384;1;4;United Arab Emirates;Eastern Mediterranean;2007
385;1;5;United Arab Emirates;Eastern Mediterranean;2008
386;1;2;United Arab Emirates;Eastern Mediterranean;2009
387;1;1;United Arab Emirates;Eastern Mediterranean;2010
388;1;5;United Arab Emirates;Eastern Mediterranean;2011
389;1;2;United Arab Emirates;Eastern Mediterranean;2012
390;1;1;United Arab Emirates;Eastern Mediterranean;2013
391;1;2;United Arab Emirates;Eastern Mediterranean;2014
392;1;2;United Arab Emirates;Eastern Mediterranean;2015
393;1;4;United Arab Emirates;Eastern Mediterranean;2016
394;1;2;United Arab Emirates;Eastern Mediterranean;2017
395;1;2;United Arab Emirates;Eastern Mediterranean;2018
396;1;1;United Arab Emirates;Eastern Mediterranean;2019
397;1;1;United Arab Emirates;Eastern Mediterranean;2001
398;1;1;United Arab Emirates;Eastern Mediterranean;2002
399;1;1;United Arab Emirates;Eastern Mediterranean;2003
400;1;3;Yemen;Eastern Mediterranean;2000
401;1;2;Yemen;Eastern Mediterranean;2004
402;1;1;Yemen;Eastern Mediterranean;2005
403;5;2;Yemen;Eastern Mediterranean;2006
404;1;4;Yemen;Eastern Mediterranean;2007
405;1;2;Yemen;Eastern Mediterranean;2008
406;1;1;Yemen;Eastern Mediterranean;2009
407;1;1;Yemen;Eastern Mediterranean;2010
408;1;2;Yemen;Eastern Mediterranean;2011
409;1;5;Yemen;Eastern Mediterranean;2012
410;1;2;Yemen;Eastern Mediterranean;2013
411;1;5;Yemen;Eastern Mediterranean;2014
412;1;4;Yemen;Eastern Mediterranean;2015
413;1;1;Yemen;Eastern Mediterranean;2016
414;1;4;Yemen;Eastern Mediterranean;2017
415;1;3;Yemen;Eastern Mediterranean;2018
416;5;1;Yemen;Eastern Mediterranean;2019
417;1;2;Yemen;Eastern Mediterranean;2001
418;1;2;Yemen;Eastern Mediterranean;2002
419;1;4;Yemen;Eastern Mediterranean;2003
420;1;2;;;
421;1;1;;;
422;1;2;;;
423;1;1;;;
424;1;1;;;
425;1;3;;;
426;1;1;;;
427;1;2;;;
428;1;1;;;
429;1;1;;;
430;1;2;;;
431;1;1;;;
432;1;1;;;
433;1;1;;;
434;1;2;;;
435;1;2;;;
436;1;4;;;
437;1;2;;;
438;1;3;;;
439;1;1;;;
440;1;5;Algeria;Africa;2000
441;1;2;Algeria;Africa;2004
442;1;2;Algeria;Africa;2005
443;1;1;Algeria;Africa;2006
444;1;2;Algeria;Africa;2007
445;1;2;Algeria;Africa;2008
446;1;1;Algeria;Africa;2009
447;4;4;Algeria;Africa;2010
448;1;2;Algeria;Africa;2011
449;1;5;Algeria;Africa;2012
450;1;2;Algeria;Africa;2013
451;1;5;Algeria;Africa;2014
452;1;5;Algeria;Africa;2015
453;1;4;Algeria;Africa;2016
454;1;3;Algeria;Africa;2017
455;1;1;Algeria;Africa;2018
456;1;2;Algeria;Africa;2019
457;1;3;Algeria;Africa;2001
458;1;1;Algeria;Africa;2002
459;1;1;Algeria;Africa;2003
460;1;2;Angola;Africa;2000
461;1;3;Angola;Africa;2004
462;1;1;Angola;Africa;2005
463;1;3;Angola;Africa;2006
464;1;1;Angola;Africa;2007
465;1;5;Angola;Africa;2008
466;1;1;Angola;Africa;2009
467;1;2;Angola;Africa;2010
468;1;2;Angola;Africa;2011
469;2;2;Angola;Africa;2012
470;1;2;Angola;Africa;2013
471;1;4;Angola;Africa;2014
472;1;2;Angola;Africa;2015
473;1;1;Angola;Africa;2016
474;1;2;Angola;Africa;2017
475;5;1;Angola;Africa;2018
476;1;5;Angola;Africa;2019
477;1;5;Angola;Africa;2001
478;1;1;Angola;Africa;2002
479;1;3;Angola;Africa;2003
480;1;5;Benin;Africa;2000
481;1;2;Benin;Africa;2004
482;1;2;Benin;Africa;2005
483;1;2;Benin;Africa;2006
484;1;3;Benin;Africa;2007
485;1;1;Benin;Africa;2008
486;1;5;Benin;Africa;2009
487;1;3;Benin;Africa;2010
488;1;1;Benin;Africa;2011
489;1;3;Benin;Africa;2012
490;1;1;Benin;Africa;2013
491;1;1;Benin;Africa;2014
492;1;4;Benin;Africa;2015
493;1;1;Benin;Africa;2016
494;1;2;Benin;Africa;2017
495;3;1;Benin;Africa;2018
496;1;1;Benin;Africa;2019
497;1;2;Benin;Africa;2001
498;1;1;Benin;Africa;2002
499;1;1;Benin;Africa;2003
500;1;1;Botswana;Africa;2000
501;1;1;Botswana;Africa;2004
502;1;1;Botswana;Africa;2005
503;1;1;Botswana;Africa;2006
504;1;2;Botswana;Africa;2007
505;1;3;Botswana;Africa;2008
506;1;2;Botswana;Africa;2009
507;1;1;Botswana;Africa;2010
508;1;1;Botswana;Africa;2011
509;1;1;Botswana;Africa;2012
510;1;1;Botswana;Africa;2013
511;1;2;Botswana;Africa;2014
512;1;2;Botswana;Africa;2015
513;1;2;Botswana;Africa;2016
514;1;2;Botswana;Africa;2017
515;1;4;Botswana;Africa;2018
516;1;2;Botswana;Africa;2019
517;1;5;Botswana;Africa;2001
518;4;1;Botswana;Africa;2002
519;1;5;Botswana;Africa;2003
520;1;4;Burkina Faso;Africa;2000
521;1;4;Burkina Faso;Africa;2004
522;1;1;Burkina Faso;Africa;2005
523;1;2;Burkina Faso;Africa;2006
524;1;5;Burkina Faso;Africa;2007
525;1;1;Burkina Faso;Africa;2008
526;1;5;Burkina Faso;Africa;2009
527;1;4;Burkina Faso;Africa;2010
528;1;2;Burkina Faso;Africa;2011
529;2;4;Burkina Faso;Africa;2012
530;2;2;Burkina Faso;Africa;2013
531;1;1;Burkina Faso;Africa;2014
532;1;2;Burkina Faso;Africa;2015
533;1;5;Burkina Faso;Africa;2016
534;1;2;Burkina Faso;Africa;2017
535;2;2;Burkina Faso;Africa;2018
536;1;1;Burkina Faso;Africa;2019
537;2;2;Burkina Faso;Africa;2001
538;1;2;Burkina Faso;Africa;2002
539;1;1;Burkina Faso;Africa;2003
540;1;2;Burundi;Africa;2000
541;1;1;Burundi;Africa;2004
542;1;3;Burundi;Africa;2005
543;2;2;Burundi;Africa;2006
544;1;4;Burundi;Africa;2007
545;1;1;Burundi;Africa;2008
546;1;4;Burundi;Africa;2009
547;1;2;Burundi;Africa;2010
548;1;1;Burundi;Africa;2011
549;1;1;Burundi;Africa;2012
550;1;5;Burundi;Africa;2013
551;1;1;Burundi;Africa;2014
552;1;4;Burundi;Africa;2015
553;1;2;Burundi;Africa;2016
554;1;3;Burundi;Africa;2017
555;1;1;Burundi;Africa;2018
556;1;1;Burundi;Africa;2019
557;1;5;Burundi;Africa;2001
558;1;2;Burundi;Africa;2002
559;1;1;Burundi;Africa;2003
560;1;4;Cameroon;Africa;2000
561;1;1;Cameroon;Africa;2004
562;1;2;Cameroon;Africa;2005
563;5;1;Cameroon;Africa;2006
564;1;2;Cameroon;Africa;2007
565;1;2;Cameroon;Africa;2008
566;1;4;Cameroon;Africa;2009
567;1;1;Cameroon;Africa;2010
568;1;1;Cameroon;Africa;2011
569;1;2;Cameroon;Africa;2012
570;1;1;Cameroon;Africa;2013
571;1;5;Cameroon;Africa;2014
572;1;2;Cameroon;Africa;2015
573;1;2;Cameroon;Africa;2016
574;1;1;Cameroon;Africa;2017
575;1;3;Cameroon;Africa;2018
576;1;5;Cameroon;Africa;2019
577;1;1;Cameroon;Africa;2001
578;1;5;Cameroon;Africa;2002
579;1;1;Cameroon;Africa;2003
580;1;2;Central African Republic;Africa;2000
581;1;4;Central African Republic;Africa;2004
582;1;5;Central African Republic;Africa;2005
583;1;1;Central African Republic;Africa;2006
584;1;2;Central African Republic;Africa;2007
585;1;1;Central African Republic;Africa;2008
586;4;4;Central African Republic;Africa;2009
587;1;1;Central African Republic;Africa;2010
588;1;1;Central African Republic;Africa;2011
589;1;1;Central African Republic;Africa;2012
590;1;2;Central African Republic;Africa;2013
591;1;5;Central African Republic;Africa;2014
592;1;4;Central African Republic;Africa;2015
593;1;1;Central African Republic;Africa;2016
594;1;2;Central African Republic;Africa;2017
595;1;4;Central African Republic;Africa;2018
596;1;1;Central African Republic;Africa;2019
597;1;5;Central African Republic;Africa;2001
598;1;2;Central African Republic;Africa;2002
599;1;1;Central African Republic;Africa;2003
600;2;5;Congo;Africa;2000
601;1;4;Congo;Africa;2004
602;1;2;Congo;Africa;2005
603;1;2;Congo;Africa;2006
604;1;1;Congo;Africa;2007
605;2;2;Congo;Africa;2008
606;1;3;Congo;Africa;2009
607;1;5;Congo;Africa;2010
608;1;4;Congo;Africa;2011
609;1;5;Congo;Africa;2012
610;1;1;Congo;Africa;2013
611;1;2;Congo;Africa;2014
612;1;1;Congo;Africa;2015
613;1;1;Congo;Africa;2016
614;3;1;Congo;Africa;2017
615;1;1;Congo;Africa;2018
616;3;1;Congo;Africa;2019
617;1;5;Congo;Africa;2001
618;1;2;Congo;Africa;2002
619;1;3;Congo;Africa;2003
620;1;1;Democratic Republic of the Congo;Africa;2000
621;1;5;Democratic Republic of the Congo;Africa;2004
622;1;5;Democratic Republic of the Congo;Africa;2005
623;1;5;Democratic Republic of the Congo;Africa;2006
624;1;4;Democratic Republic of the Congo;Africa;2007
625;4;1;Democratic Republic of the Congo;Africa;2008
626;1;1;Democratic Republic of the Congo;Africa;2009
627;5;1;Democratic Republic of the Congo;Africa;2010
628;1;5;Democratic Republic of the Congo;Africa;2011
629;1;3;Democratic Republic of the Congo;Africa;2012
630;1;2;Democratic Republic of the Congo;Africa;2013
631;1;2;Democratic Republic of the Congo;Africa;2014
632;1;2;Democratic Republic of the Congo;Africa;2015
633;1;3;Democratic Republic of the Congo;Africa;2016
634;1;1;Democratic Republic of the Congo;Africa;2017
635;1;3;Democratic Republic of the Congo;Africa;2018
636;1;2;Democratic Republic of the Congo;Africa;2019
637;2;2;Democratic Republic of the Congo;Africa;2001
638;1;2;Democratic Republic of the Congo;Africa;2002
639;1;1;Democratic Republic of the Congo;Africa;2003
640;1;3;Equatorial Guinea;Africa;2000
641;1;1;Equatorial Guinea;Africa;2004
642;1;1;Equatorial Guinea;Africa;2005
643;1;1;Equatorial Guinea;Africa;2006
644;1;2;Equatorial Guinea;Africa;2007
645;1;5;Equatorial Guinea;Africa;2008
646;1;2;Equatorial Guinea;Africa;2009
647;1;1;Equatorial Guinea;Africa;2010
648;1;4;Equatorial Guinea;Africa;2011
649;1;1;Equatorial Guinea;Africa;2012
650;1;1;Equatorial Guinea;Africa;2013
651;1;1;Equatorial Guinea;Africa;2014
652;1;1;Equatorial Guinea;Africa;2015
653;1;4;Equatorial Guinea;Africa;2016
654;1;3;Equatorial Guinea;Africa;2017
655;1;1;Equatorial Guinea;Africa;2018
656;3;4;Equatorial Guinea;Africa;2019
657;1;1;Equatorial Guinea;Africa;2001
658;1;5;Equatorial Guinea;Africa;2002
659;1;4;Equatorial Guinea;Africa;2003
660;1;2;Eritrea;Africa;2000
661;1;1;Eritrea;Africa;2004
662;1;3;Eritrea;Africa;2005
663;1;2;Eritrea;Africa;2006
664;1;2;Eritrea;Africa;2007
665;2;4;Eritrea;Africa;2008
666;3;4;Eritrea;Africa;2009
667;1;1;Eritrea;Africa;2010
668;1;2;Eritrea;Africa;2011
669;1;2;Eritrea;Africa;2012
670;1;2;Eritrea;Africa;2013
671;1;2;Eritrea;Africa;2014
672;1;2;Eritrea;Africa;2015
673;1;4;Eritrea;Africa;2016
674;1;2;Eritrea;Africa;2017
675;1;4;Eritrea;Africa;2018
676;1;2;Eritrea;Africa;2019
677;1;1;Eritrea;Africa;2001
678;2;4;Eritrea;Africa;2002
679;1;2;Eritrea;Africa;2003
680;1;4;Eswatini;Africa;2000
681;1;2;Eswatini;Africa;2004
682;1;2;Eswatini;Africa;2005
683;1;2;Eswatini;Africa;2006
684;1;2;Eswatini;Africa;2007
685;1;4;Eswatini;Africa;2008
686;2;2;Eswatini;Africa;2009
687;1;3;Eswatini;Africa;2010
688;1;1;Eswatini;Africa;2011
689;1;3;Eswatini;Africa;2012
690;1;1;Eswatini;Africa;2013
691;1;1;Eswatini;Africa;2014
692;1;5;Eswatini;Africa;2015
693;1;2;Eswatini;Africa;2016
694;1;1;Eswatini;Africa;2017
695;1;4;Eswatini;Africa;2018
696;1;5;Eswatini;Africa;2019
697;1;2;Eswatini;Africa;2001
698;1;4;Eswatini;Africa;2002
699;1;1;Eswatini;Africa;2003
700;1;5;Ethiopia;Africa;2000
701;1;1;Ethiopia;Africa;2004
702;1;1;Ethiopia;Africa;2005
703;1;4;Ethiopia;Africa;2006
704;1;1;Ethiopia;Africa;2007
705;1;2;Ethiopia;Africa;2008
706;1;2;Ethiopia;Africa;2009
707;1;2;Ethiopia;Africa;2010
708;1;1;Ethiopia;Africa;2011
709;1;2;Ethiopia;Africa;2012
710;5;1;Ethiopia;Africa;2013
711;1;1;Ethiopia;Africa;2014
712;1;5;Ethiopia;Africa;2015
713;1;2;Ethiopia;Africa;2016
714;3;4;Ethiopia;Africa;2017
715;1;5;Ethiopia;Africa;2018
716;1;1;Ethiopia;Africa;2019
717;1;2;Ethiopia;Africa;2001
718;1;1;Ethiopia;Africa;2002
719;1;2;Ethiopia;Africa;2003
720;1;2;Gabon;Africa;2000
721;3;4;Gabon;Africa;2004
722;1;1;Gabon;Africa;2005
723;1;3;Gabon;Africa;2006
724;1;3;Gabon;Africa;2007
725;1;4;Gabon;Africa;2008
726;1;4;Gabon;Africa;2009
727;1;1;Gabon;Africa;2010
728;1;1;Gabon;Africa;2011
729;1;1;Gabon;Africa;2012
730;1;1;Gabon;Africa;2013
731;1;5;Gabon;Africa;2014
732;1;5;Gabon;Africa;2015
733;1;1;Gabon;Africa;2016
734;1;1;Gabon;Africa;2017
735;1;1;Gabon;Africa;2018
736;1;2;Gabon;Africa;2019
737;2;4;Gabon;Africa;2001
738;1;2;Gabon;Africa;2002
739;1;5;Gabon;Africa;2003
740;4;1;Gambia;Africa;2000
741;1;2;Gambia;Africa;2004
742;1;5;Gambia;Africa;2005
743;1;5;Gambia;Africa;2006
744;1;1;Gambia;Africa;2007
745;1;2;Gambia;Africa;2008
746;1;1;Gambia;Africa;2009
747;1;1;Gambia;Africa;2010
748;1;5;Gambia;Africa;2011
749;1;2;Gambia;Africa;2012
750;1;2;Gambia;Africa;2013
751;1;2;Gambia;Africa;2014
752;1;5;Gambia;Africa;2015
753;1;5;Gambia;Africa;2016
754;1;1;Gambia;Africa;2017
755;1;2;Gambia;Africa;2018
756;1;5;Gambia;Africa;2019
757;1;2;Gambia;Africa;2001
758;4;4;Gambia;Africa;2002
759;1;1;Gambia;Africa;2003
760;1;2;Ghana;Africa;2000
761;1;1;Ghana;Africa;2004
762;1;2;Ghana;Africa;2005
763;2;4;Ghana;Africa;2006
764;1;5;Ghana;Africa;2007
765;1;1;Ghana;Africa;2008
766;1;4;Ghana;Africa;2009
767;1;1;Ghana;Africa;2010
768;1;2;Ghana;Africa;2011
769;1;5;Ghana;Africa;2012
770;1;1;Ghana;Africa;2013
771;1;2;Ghana;Africa;2014
772;1;1;Ghana;Africa;2015
773;1;2;Ghana;Africa;2016
774;1;2;Ghana;Africa;2017
775;1;5;Ghana;Africa;2018
776;1;2;Ghana;Africa;2019
777;1;1;Ghana;Africa;2001
778;1;2;Ghana;Africa;2002
779;1;3;Ghana;Africa;2003
780;2;4;Guinea;Africa;2000
781;1;4;Guinea;Africa;2004
782;1;2;Guinea;Africa;2005
783;1;1;Guinea;Africa;2006
784;1;3;Guinea;Africa;2007
785;1;1;Guinea;Africa;2008
786;3;4;Guinea;Africa;2009
787;1;1;Guinea;Africa;2010
788;1;1;Guinea;Africa;2011
789;1;1;Guinea;Africa;2012
790;1;1;Guinea;Africa;2013
791;1;2;Guinea;Africa;2014
792;1;1;Guinea;Africa;2015
793;1;2;Guinea;Africa;2016
794;1;4;Guinea;Africa;2017
795;1;1;Guinea;Africa;2018
796;1;4;Guinea;Africa;2019
797;1;2;Guinea;Africa;2001
798;1;2;Guinea;Africa;2002
799;2;2;Guinea;Africa;2003
800;1;5;Guinea-Bissau;Africa;2000
801;1;5;Guinea-Bissau;Africa;2004
802;1;1;Guinea-Bissau;Africa;2005
803;1;4;Guinea-Bissau;Africa;2006
804;1;5;Guinea-Bissau;Africa;2007
805;1;1;Guinea-Bissau;Africa;2008
806;1;1;Guinea-Bissau;Africa;2009
807;1;1;Guinea-Bissau;Africa;2010
808;1;5;Guinea-Bissau;Africa;2011
809;1;4;Guinea-Bissau;Africa;2012
810;1;1;Guinea-Bissau;Africa;2013
811;1;3;Guinea-Bissau;Africa;2014
812;1;2;Guinea-Bissau;Africa;2015
813;1;2;Guinea-Bissau;Africa;2016
814;1;2;Guinea-Bissau;Africa;2017
815;1;1;Guinea-Bissau;Africa;2018
816;1;4;Guinea-Bissau;Africa;2019
817;1;5;Guinea-Bissau;Africa;2001
818;1;5;Guinea-Bissau;Africa;2002
819;1;5;Guinea-Bissau;Africa;2003
820;1;1;Kenya;Africa;2000
821;1;1;Kenya;Africa;2004
822;1;1;Kenya;Africa;2005
823;1;3;Kenya;Africa;2006
824;1;1;Kenya;Africa;2007
825;1;4;Kenya;Africa;2008
826;1;1;Kenya;Africa;2009
827;1;1;Kenya;Africa;2010
828;1;1;Kenya;Africa;2011
829;1;4;Kenya;Africa;2012
830;2;2;Kenya;Africa;2013
831;5;2;Kenya;Africa;2014
832;1;5;Kenya;Africa;2015
833;3;1;Kenya;Africa;2016
834;1;1;Kenya;Africa;2017
835;3;4;Kenya;Africa;2018
836;1;1;Kenya;Africa;2019
837;1;2;Kenya;Africa;2001
838;1;5;Kenya;Africa;2002
839;1;2;Kenya;Africa;2003
840;1;1;Lesotho;Africa;2000
841;1;3;Lesotho;Africa;2004
842;1;2;Lesotho;Africa;2005
843;1;5;Lesotho;Africa;2006
844;1;1;Lesotho;Africa;2007
845;1;2;Lesotho;Africa;2008
846;1;1;Lesotho;Africa;2009
847;1;4;Lesotho;Africa;2010
848;1;2;Lesotho;Africa;2011
849;2;1;Lesotho;Africa;2012
850;1;2;Lesotho;Africa;2013
851;2;2;Lesotho;Africa;2014
852;1;1;Lesotho;Africa;2015
853;1;1;Lesotho;Africa;2016
854;1;5;Lesotho;Africa;2017
855;1;2;Lesotho;Africa;2018
856;1;1;Lesotho;Africa;2019
857;1;1;Lesotho;Africa;2001
858;1;2;Lesotho;Africa;2002
859;1;4;Lesotho;Africa;2003
860;1;2;Liberia;Africa;2000
861;1;5;Liberia;Africa;2004
862;1;4;Liberia;Africa;2005
863;1;2;Liberia;Africa;2006
864;1;1;Liberia;Africa;2007
865;1;1;Liberia;Africa;2008
866;1;1;Liberia;Africa;2009
867;1;1;Liberia;Africa;2010
868;5;1;Liberia;Africa;2011
869;1;1;Liberia;Africa;2012
870;3;4;Liberia;Africa;2013
871;1;1;Liberia;Africa;2014
872;1;1;Liberia;Africa;2015
873;3;1;Liberia;Africa;2016
874;1;5;Liberia;Africa;2017
875;1;2;Liberia;Africa;2018
876;1;3;Liberia;Africa;2019
877;1;2;Liberia;Africa;2001
878;1;4;Liberia;Africa;2002
879;1;4;Liberia;Africa;2003
880;1;1;Madagascar;Africa;2000
881;1;2;Madagascar;Africa;2004
882;1;1;Madagascar;Africa;2005
883;1;4;Madagascar;Africa;2006
884;1;5;Madagascar;Africa;2007
885;2;2;Madagascar;Africa;2008
886;1;2;Madagascar;Africa;2009
887;4;4;Madagascar;Africa;2010
888;1;1;Madagascar;Africa;2011
889;1;3;Madagascar;Africa;2012
890;1;5;Madagascar;Africa;2013
891;1;2;Madagascar;Africa;2014
892;2;4;Madagascar;Africa;2015
893;1;2;Madagascar;Africa;2016
894;1;4;Madagascar;Africa;2017
895;1;2;Madagascar;Africa;2018
896;1;2;Madagascar;Africa;2019
897;1;1;Madagascar;Africa;2001
898;1;1;Madagascar;Africa;2002
899;1;2;Madagascar;Africa;2003
900;1;3;Malawi;Africa;2000
901;1;2;Malawi;Africa;2004
902;1;2;Malawi;Africa;2005
903;1;2;Malawi;Africa;2006
904;1;3;Malawi;Africa;2007
905;1;5;Malawi;Africa;2008
906;5;5;Malawi;Africa;2009
907;1;1;Malawi;Africa;2010
908;1;4;Malawi;Africa;2011
909;1;2;Malawi;Africa;2012
910;1;2;Malawi;Africa;2013
911;1;4;Malawi;Africa;2014
912;1;4;Malawi;Africa;2015
913;1;2;Malawi;Africa;2016
914;1;5;Malawi;Africa;2017
915;1;5;Malawi;Africa;2018
916;1;4;Malawi;Africa;2019
917;1;1;Malawi;Africa;2001
918;1;4;Malawi;Africa;2002
919;1;1;Malawi;Africa;2003
920;1;2;Mali;Africa;2000
921;2;1;Mali;Africa;2004
922;1;3;Mali;Africa;2005
923;1;4;Mali;Africa;2006
924;1;4;Mali;Africa;2007
925;1;2;Mali;Africa;2008
926;1;1;Mali;Africa;2009
927;1;5;Mali;Africa;2010
928;1;5;Mali;Africa;2011
929;1;2;Mali;Africa;2012
930;1;5;Mali;Africa;2013
931;1;2;Mali;Africa;2014
932;2;2;Mali;Africa;2015
933;1;4;Mali;Africa;2016
934;1;1;Mali;Africa;2017
935;1;5;Mali;Africa;2018
936;1;2;Mali;Africa;2019
937;1;4;Mali;Africa;2001
938;1;1;Mali;Africa;2002
939;1;2;Mali;Africa;2003
940;1;2;Mauritania;Africa;2000
941;1;3;Mauritania;Africa;2004
942;1;2;Mauritania;Africa;2005
943;1;5;Mauritania;Africa;2006
944;3;1;Mauritania;Africa;2007
945;1;2;Mauritania;Africa;2008
946;1;4;Mauritania;Africa;2009
947;1;3;Mauritania;Africa;2010
948;1;1;Mauritania;Africa;2011
949;2;1;Mauritania;Africa;2012
950;1;1;Mauritania;Africa;2013
951;1;1;Mauritania;Africa;2014
952;1;2;Mauritania;Africa;2015
953;1;2;Mauritania;Africa;2016
954;1;5;Mauritania;Africa;2017
955;1;4;Mauritania;Africa;2018
956;1;3;Mauritania;Africa;2019
957;2;5;Mauritania;Africa;2001
958;1;1;Mauritania;Africa;2002
959;1;2;Mauritania;Africa;2003
960;4;1;Mauritius;Africa;2000
961;1;1;Mauritius;Africa;2004
962;1;4;Mauritius;Africa;2005
963;1;2;Mauritius;Africa;2006
964;1;2;Mauritius;Africa;2007
965;5;2;Mauritius;Africa;2008
966;1;1;Mauritius;Africa;2009
967;1;4;Mauritius;Africa;2010
968;1;1;Mauritius;Africa;2011
969;1;1;Mauritius;Africa;2012
970;5;1;Mauritius;Africa;2013
971;1;1;Mauritius;Africa;2014
972;1;1;Mauritius;Africa;2015
973;1;1;Mauritius;Africa;2016
974;1;1;Mauritius;Africa;2017
975;1;3;Mauritius;Africa;2018
976;1;3;Mauritius;Africa;2019
977;1;1;Mauritius;Africa;2001
978;1;1;Mauritius;Africa;2002
979;1;1;Mauritius;Africa;2003
980;1;5;Mozambique;Africa;2000
981;1;2;Mozambique;Africa;2004
982;1;5;Mozambique;Africa;2005
983;1;2;Mozambique;Africa;2006
984;1;2;Mozambique;Africa;2007
985;1;1;Mozambique;Africa;2008
986;1;5;Mozambique;Africa;2009
987;5;1;Mozambique;Africa;2010
988;1;5;Mozambique;Africa;2011
989;1;4;Mozambique;Africa;2012
990;3;4;Mozambique;Africa;2013
991;1;2;Mozambique;Africa;2014
992;1;1;Mozambique;Africa;2015
993;1;3;Mozambique;Africa;2016
994;1;5;Mozambique;Africa;2017
995;1;1;Mozambique;Africa;2018
996;3;1;Mozambique;Africa;2019
997;1;1;Mozambique;Africa;2001
998;1;5;Mozambique;Africa;2002
999;1;5;Mozambique;Africa;2003
1000;1;5;Namibia;Africa;2000
1001;1;2;Namibia;Africa;2004
1002;1;2;Namibia;Africa;2005
1003;1;2;Namibia;Africa;2006
1004;1;1;Namibia;Africa;2007
1005;1;1;Namibia;Africa;2008
1006;1;2;Namibia;Africa;2009
1007;1;1;Namibia;Africa;2010
1008;1;5;Namibia;Africa;2011
1009;1;4;Namibia;Africa;2012
1010;1;1;Namibia;Africa;2013
1011;1;2;Namibia;Africa;2014
1012;1;2;Namibia;Africa;2015
1013;1;2;Namibia;Africa;2016
1014;1;1;Namibia;Africa;2017
1015;1;5;Namibia;Africa;2018
1016;1;1;Namibia;Africa;2019
1017;1;4;Namibia;Africa;2001
1018;5;1;Namibia;Africa;2002
1019;1;5;Namibia;Africa;2003
1020;1;1;Niger;Africa;2000
1021;1;5;Niger;Africa;2004
1022;1;5;Niger;Africa;2005
1023;2;2;Niger;Africa;2006
1024;1;3;Niger;Africa;2007
1025;1;2;Niger;Africa;2008
1026;1;1;Niger;Africa;2009
1027;1;1;Niger;Africa;2010
1028;1;1;Niger;Africa;2011
1029;1;1;Niger;Africa;2012
1030;1;1;Niger;Africa;2013
1031;1;1;Niger;Africa;2014
1032;1;1;Niger;Africa;2015
1033;1;2;Niger;Africa;2016
1034;1;2;Niger;Africa;2017
1035;1;4;Niger;Africa;2018
1036;1;2;Niger;Africa;2019
1037;1;5;Niger;Africa;2001
1038;1;1;Niger;Africa;2002
1039;1;1;Niger;Africa;2003
1040;1;1;Nigeria;Africa;2000
1041;5;1;Nigeria;Africa;2004
1042;5;1;Nigeria;Africa;2005
1043;1;1;Nigeria;Africa;2006
1044;1;1;Nigeria;Africa;2007
1045;1;2;Nigeria;Africa;2008
1046;1;1;Nigeria;Africa;2009
1047;1;2;Nigeria;Africa;2010
1048;1;1;Nigeria;Africa;2011
1049;1;1;Nigeria;Africa;2012
1050;1;4;Nigeria;Africa;2013
1051;1;3;Nigeria;Africa;2014
1052;1;1;Nigeria;Africa;2015
1053;1;1;Nigeria;Africa;2016
1054;1;2;Nigeria;Africa;2017
1055;1;5;Nigeria;Africa;2018
1056;1;2;Nigeria;Africa;2019
1057;2;2;Nigeria;Africa;2001
1058;1;1;Nigeria;Africa;2002
1059;1;5;Nigeria;Africa;2003
1060;1;1;Rwanda;Africa;2000
1061;1;2;Rwanda;Africa;2004
1062;1;1;Rwanda;Africa;2005
1063;2;2;Rwanda;Africa;2006
1064;1;4;Rwanda;Africa;2007
1065;1;1;Rwanda;Africa;2008
1066;1;2;Rwanda;Africa;2009
1067;2;1;Rwanda;Africa;2010
1068;1;4;Rwanda;Africa;2011
1069;1;3;Rwanda;Africa;2012
1070;1;4;Rwanda;Africa;2013
1071;1;3;Rwanda;Africa;2014
1072;1;2;Rwanda;Africa;2015
1073;1;3;Rwanda;Africa;2016
1074;1;4;Rwanda;Africa;2017
1075;1;1;Rwanda;Africa;2018
1076;1;1;Rwanda;Africa;2019
1077;1;5;Rwanda;Africa;2001
1078;1;4;Rwanda;Africa;2002
1079;1;4;Rwanda;Africa;2003
1080;1;2;;;
1081;1;5;;;
1082;2;2;Sao Tome and Principe;Africa;2005
1083;1;2;Sao Tome and Principe;Africa;2006
1084;1;5;Sao Tome and Principe;Africa;2007
1085;1;1;Sao Tome and Principe;Africa;2008
1086;1;1;Sao Tome and Principe;Africa;2009
1087;1;2;Sao Tome and Principe;Africa;2010
1088;1;1;Sao Tome and Principe;Africa;2011
1089;1;5;Sao Tome and Principe;Africa;2012
1090;3;4;Sao Tome and Principe;Africa;2013
1091;1;1;Sao Tome and Principe;Africa;2014
1092;1;1;Sao Tome and Principe;Africa;2015
1093;1;1;Sao Tome and Principe;Africa;2016
1094;2;4;Sao Tome and Principe;Africa;2017
1095;4;1;Sao Tome and Principe;Africa;2018
1096;1;1;Sao Tome and Principe;Africa;2019
1097;3;4;;;
1098;1;2;;;
1099;1;1;;;
1100;1;1;Senegal;Africa;2000
1101;1;4;Senegal;Africa;2004
1102;1;2;Senegal;Africa;2005
1103;1;1;Senegal;Africa;2006
1104;1;1;Senegal;Africa;2007
1105;1;2;Senegal;Africa;2008
1106;1;2;Senegal;Africa;2009
1107;1;4;Senegal;Africa;2010
1108;1;2;Senegal;Africa;2011
1109;1;2;Senegal;Africa;2012
1110;1;5;Senegal;Africa;2013
1111;1;1;Senegal;Africa;2014
1112;1;1;Senegal;Africa;2015
1113;1;2;Senegal;Africa;2016
1114;1;1;Senegal;Africa;2017
1115;1;4;Senegal;Africa;2018
1116;1;1;Senegal;Africa;2019
1117;1;5;Senegal;Africa;2001
1118;1;3;Senegal;Africa;2002
1119;1;2;Senegal;Africa;2003
1120;1;2;Seychelles;Africa;2000
1121;1;1;Seychelles;Africa;2004
1122;1;5;Seychelles;Africa;2005
1123;1;4;Seychelles;Africa;2006
1124;1;2;Seychelles;Africa;2007
1125;4;1;Seychelles;Africa;2008
1126;1;4;Seychelles;Africa;2009
1127;1;5;Seychelles;Africa;2010
1128;1;2;Seychelles;Africa;2011
1129;1;1;Seychelles;Africa;2012
1130;1;1;Seychelles;Africa;2013
1131;1;2;Seychelles;Africa;2014
1132;1;2;Seychelles;Africa;2015
1133;1;1;Seychelles;Africa;2016
1134;1;5;Seychelles;Africa;2017
1135;1;1;Seychelles;Africa;2018
1136;1;2;Seychelles;Africa;2019
1137;1;1;Seychelles;Africa;2001
1138;1;1;Seychelles;Africa;2002
1139;1;5;Seychelles;Africa;2003
1140;1;4;Sierra Leone;Africa;2000
1141;1;3;Sierra Leone;Africa;2004
1142;1;5;Sierra Leone;Africa;2005
1143;1;5;Sierra Leone;Africa;2006
1144;1;1;Sierra Leone;Africa;2007
1145;1;4;Sierra Leone;Africa;2008
1146;1;1;Sierra Leone;Africa;2009
1147;1;2;Sierra Leone;Africa;2010
1148;1;1;Sierra Leone;Africa;2011
1149;1;1;Sierra Leone;Africa;2012
1150;2;2;Sierra Leone;Africa;2013
1151;1;1;Sierra Leone;Africa;2014
1152;1;3;Sierra Leone;Africa;2015
1153;1;2;Sierra Leone;Africa;2016
1154;1;1;Sierra Leone;Africa;2017
1155;1;2;Sierra Leone;Africa;2018
1156;1;1;Sierra Leone;Africa;2019
1157;1;5;Sierra Leone;Africa;2001
1158;3;1;Sierra Leone;Africa;2002
1159;1;5;Sierra Leone;Africa;2003
1160;1;1;South Africa;Africa;2000
1161;1;5;South Africa;Africa;2004
1162;1;5;South Africa;Africa;2005
1163;1;1;South Africa;Africa;2006
1164;1;3;South Africa;Africa;2007
1165;1;2;South Africa;Africa;2008
1166;1;2;South Africa;Africa;2009
1167;1;1;South Africa;Africa;2010
1168;3;1;South Africa;Africa;2011
1169;1;1;South Africa;Africa;2012
1170;1;5;South Africa;Africa;2013
1171;1;1;South Africa;Africa;2014
1172;1;5;South Africa;Africa;2015
1173;1;2;South Africa;Africa;2016
1174;1;3;South Africa;Africa;2017
1175;1;2;South Africa;Africa;2018
1176;1;2;South Africa;Africa;2019
1177;1;2;South Africa;Africa;2001
1178;1;1;South Africa;Africa;2002
1179;1;2;South Africa;Africa;2003
1180;1;2;South Sudan;Africa;2000
1181;1;5;South Sudan;Africa;2004
1182;1;5;South Sudan;Africa;2005
1183;1;4;South Sudan;Africa;2006
1184;1;1;South Sudan;Africa;2007
1185;1;4;South Sudan;Africa;2008
1186;1;5;South Sudan;Africa;2009
1187;1;1;South Sudan;Africa;2010
1188;1;5;South Sudan;Africa;2011
1189;1;4;South Sudan;Africa;2012
1190;1;1;South Sudan;Africa;2013
1191;2;5;South Sudan;Africa;2014
1192;4;1;South Sudan;Africa;2015
1193;1;2;South Sudan;Africa;2016
1194;1;2;South Sudan;Africa;2017
1195;1;2;South Sudan;Africa;2018
1196;1;5;South Sudan;Africa;2019
1197;1;2;South Sudan;Africa;2001
1198;1;1;South Sudan;Africa;2002
1199;1;3;South Sudan;Africa;2003
1200;1;5;Togo;Africa;2000
1201;1;1;Togo;Africa;2004
1202;1;5;Togo;Africa;2005
1203;1;1;Togo;Africa;2006
1204;2;5;Togo;Africa;2007
1205;5;2;Togo;Africa;2008
1206;1;4;Togo;Africa;2009
1207;1;4;Togo;Africa;2010
1208;1;2;Togo;Africa;2011
1209;1;1;Togo;Africa;2012
1210;1;2;Togo;Africa;2013
1211;1;4;Togo;Africa;2014
1212;1;4;Togo;Africa;2015
1213;1;4;Togo;Africa;2016
